!Table,!Type,!Length,!Name,!Description,!FK,!Required,File,boolean,binary,datetime,id,integer,float,links,ref,string,table,Length,Name,Description,RefDef,Required
Project,table,,Project,,,,Defs,rg:None,rg:None,rg:None,rg:None,rg:None,rg:None,rg:None,rg:None,rg:None,table,rg:None,Project,rg:None,rg:None,rg:[ { 'req' : 'id'} ]
Project,id,,id,Primary Key,,Y,Defs,rg:None,rg:None,rg:None,id,rg:None,rg:None,rg:None,rg:None,rg:None,rg:None,rg:None,id,Primary Key,rg:None,rg:[ { 'req' : 'id'} ]
Project,ref,,serviceArea,,ServiceArea,,Defs,rg:None,rg:None,rg:None,rg:None,rg:None,rg:None,rg:None,ref,rg:None,rg:None,rg:None,serviceArea,rg:None,ServiceArea,rg:[ { 'req' : 'id'} ]
Project,string,,projectNum,,,,Defs,rg:None,rg:None,rg:None,rg:None,rg:None,rg:None,rg:None,rg:None,string,rg:None,rg:None,projectNum,rg:None,rg:None,rg:[ { 'req' : 'id'} ]
Project,string,,jobDesc1,,,,Defs,rg:None,rg:None,rg:None,rg:None,rg:None,rg:None,rg:None,rg:None,string,rg:None,rg:None,jobDesc1,rg:None,rg:None,rg:[ { 'req' : 'id'} ]
Project,string,,jobDesc2,,,,Defs,rg:None,rg:None,rg:None,rg:None,rg:None,rg:None,rg:None,rg:None,string,rg:None,rg:None,jobDesc2,rg:None,rg:None,rg:[ { 'req' : 'id'} ]
Project,links,,requests,,Request,,Defs,rg:None,rg:None,rg:None,rg:None,rg:None,rg:None,links,rg:None,rg:None,rg:None,rg:None,requests,rg:None,Request,rg:[ { 'req' : 'id'} ]
Project,ref,,primaryContact,Link to the designated Primary Contact.,Contact,,Defs,rg:None,rg:None,rg:None,rg:None,rg:None,rg:None,rg:None,ref,rg:None,rg:None,rg:None,primaryContact,Link to the designated Primary Contact.,Contact,rg:[ { 'req' : 'id'} ]
Project,links,,contacts,,Contact,,Defs,rg:None,rg:None,rg:None,rg:None,rg:None,rg:None,links,rg:None,rg:None,rg:None,rg:None,contacts,rg:None,Contact,rg:[ { 'req' : 'id'} ]
Project,links,,notes,,Note,,Defs,rg:None,rg:None,rg:None,rg:None,rg:None,rg:None,links,rg:None,rg:None,rg:None,rg:None,notes,rg:None,Note,rg:[ { 'req' : 'id'} ]
Project,links,,attachments,,Attachment,,Defs,rg:None,rg:None,rg:None,rg:None,rg:None,rg:None,links,rg:None,rg:None,rg:None,rg:None,attachments,rg:None,Attachment,rg:[ { 'req' : 'id'} ]
Project,links,,history,,History,,Defs,rg:None,rg:None,rg:None,rg:None,rg:None,rg:None,links,rg:None,rg:None,rg:None,rg:None,history,rg:None,History,rg:[ { 'req' : 'id'} ]
Request,table,,Request,,,,Defs,rg:None,rg:None,rg:None,rg:None,rg:None,rg:None,rg:None,rg:None,rg:None,table,rg:None,Request,rg:None,rg:None,rg:[ { 'req' : 'id'} ]
Request,id,,id,Primary Key,,Y,Defs,rg:None,rg:None,rg:None,id,rg:None,rg:None,rg:None,rg:None,rg:None,rg:None,rg:None,id,Primary Key,rg:None,rg:[ { 'req' : 'id'} ]
Request,ref,,project,,Project,,Defs,rg:None,rg:None,rg:None,rg:None,rg:None,rg:None,rg:None,ref,rg:None,rg:None,rg:None,project,rg:None,Project,rg:[ { 'req' : 'id'} ]
Request,ref,,localArea,,LocalArea,,Defs,rg:None,rg:None,rg:None,rg:None,rg:None,rg:None,rg:None,ref,rg:None,rg:None,rg:None,localArea,rg:None,LocalArea,rg:[ { 'req' : 'id'} ]
Request,ref,,equipmentType,,EquipmentType,,Defs,rg:None,rg:None,rg:None,rg:None,rg:None,rg:None,rg:None,ref,rg:None,rg:None,rg:None,equipmentType,rg:None,EquipmentType,rg:[ { 'req' : 'id'} ]
Request,integer,,equipmentCount,,,,Defs,rg:None,rg:None,rg:None,rg:None,integer,rg:None,rg:None,rg:None,rg:None,rg:None,rg:None,equipmentCount,rg:None,rg:None,rg:[ { 'req' : 'id'} ]
Request,integer,,expectedHours,,,,Defs,rg:None,rg:None,rg:None,rg:None,integer,rg:None,rg:None,rg:None,rg:None,rg:None,rg:None,expectedHours,rg:None,rg:None,rg:[ { 'req' : 'id'} ]
Request,datetime,,expectedStartDate,,,,Defs,rg:None,rg:None,datetime,rg:None,rg:None,rg:None,rg:None,rg:None,rg:None,rg:None,rg:None,expectedStartDate,rg:None,rg:None,rg:[ { 'req' : 'id'} ]
Request,datetime,,expectedEndDate,,,,Defs,rg:None,rg:None,datetime,rg:None,rg:None,rg:None,rg:None,rg:None,rg:None,rg:None,rg:None,expectedEndDate,rg:None,rg:None,rg:[ { 'req' : 'id'} ]
Request,ref,,rotationList,,RotationList,,Defs,rg:None,rg:None,rg:None,rg:None,rg:None,rg:None,rg:None,ref,rg:None,rg:None,rg:None,rotationList,rg:None,RotationList,rg:[ { 'req' : 'id'} ]
Request,links,,hireOffers,,HireOffer,,Defs,rg:None,rg:None,rg:None,rg:None,rg:None,rg:None,links,rg:None,rg:None,rg:None,rg:None,hireOffers,rg:None,HireOffer,rg:[ { 'req' : 'id'} ]
Request,links,,notes,,Note,,Defs,rg:None,rg:None,rg:None,rg:None,rg:None,rg:None,links,rg:None,rg:None,rg:None,rg:None,notes,rg:None,Note,rg:[ { 'req' : 'id'} ]
Request,links,,attachments,,Attachment,,Defs,rg:None,rg:None,rg:None,rg:None,rg:None,rg:None,links,rg:None,rg:None,rg:None,rg:None,attachments,rg:None,Attachment,rg:[ { 'req' : 'id'} ]
Request,links,,history,,History,,Defs,rg:None,rg:None,rg:None,rg:None,rg:None,rg:None,links,rg:None,rg:None,rg:None,rg:None,history,rg:None,History,rg:[ { 'req' : 'id'} ]
RotationList,table,,RotationList,,,,Defs,rg:None,rg:None,rg:None,rg:None,rg:None,rg:None,rg:None,rg:None,rg:None,table,rg:None,RotationList,rg:None,rg:None,rg:[ { 'req' : 'id'} ]
RotationList,id,,id,Primary Key,,Y,Defs,rg:None,rg:None,rg:None,id,rg:None,rg:None,rg:None,rg:None,rg:None,rg:None,rg:None,id,Primary Key,rg:None,rg:[ { 'req' : 'id'} ]
RotationList,ref,,localArea,,LocalArea,,Defs,rg:None,rg:None,rg:None,rg:None,rg:None,rg:None,rg:None,ref,rg:None,rg:None,rg:None,localArea,rg:None,LocalArea,rg:[ { 'req' : 'id'} ]
RotationList,ref,,equipmentType,,EquipmentType,,Defs,rg:None,rg:None,rg:None,rg:None,rg:None,rg:None,rg:None,ref,rg:None,rg:None,rg:None,equipmentType,rg:None,EquipmentType,rg:[ { 'req' : 'id'} ]
RotationList,links,,blocks,,RotationListBlock,,Defs,rg:None,rg:None,rg:None,rg:None,rg:None,rg:None,links,rg:None,rg:None,rg:None,rg:None,blocks,rg:None,RotationListBlock,rg:[ { 'req' : 'id'} ]
RotationListBlock,table,,RotationListBlock,,,,Defs,rg:None,rg:None,rg:None,rg:None,rg:None,rg:None,rg:None,rg:None,rg:None,table,rg:None,RotationListBlock,rg:None,rg:None,rg:[ { 'req' : 'id'} ]
RotationListBlock,id,,id,Primary Key,,Y,Defs,rg:None,rg:None,rg:None,id,rg:None,rg:None,rg:None,rg:None,rg:None,rg:None,rg:None,id,Primary Key,rg:None,rg:[ { 'req' : 'id'} ]
RotationListBlock,ref,,rotationList,,RotationList,,Defs,rg:None,rg:None,rg:None,rg:None,rg:None,rg:None,rg:None,ref,rg:None,rg:None,rg:None,rotationList,rg:None,RotationList,rg:[ { 'req' : 'id'} ]
RotationListBlock,integer,,blockNum,"The block number. 1 for Primary, 2 for Secondary, 3 for Open",,,Defs,rg:None,rg:None,rg:None,rg:None,integer,rg:None,rg:None,rg:None,rg:None,rg:None,rg:None,blockNum,"The block number. 1 for Primary, 2 for Secondary, 3 for Open",rg:None,rg:[ { 'req' : 'id'} ]
RotationListBlock,float,,cycleNum,,,,Defs,rg:None,rg:None,rg:None,rg:None,rg:None,float,rg:None,rg:None,rg:None,rg:None,rg:None,cycleNum,rg:None,rg:None,rg:[ { 'req' : 'id'} ]
RotationListBlock,float,,maxCycle,,,,Defs,rg:None,rg:None,rg:None,rg:None,rg:None,float,rg:None,rg:None,rg:None,rg:None,rg:None,maxCycle,rg:None,rg:None,rg:[ { 'req' : 'id'} ]
RotationListBlock,ref,,lastHiredEquipment,,Equipment,,Defs,rg:None,rg:None,rg:None,rg:None,rg:None,rg:None,rg:None,ref,rg:None,rg:None,rg:None,lastHiredEquipment,rg:None,Equipment,rg:[ { 'req' : 'id'} ]
RotationListBlock,ref,,startCycleEquipment,,Equipment,,Defs,rg:None,rg:None,rg:None,rg:None,rg:None,rg:None,rg:None,ref,rg:None,rg:None,rg:None,startCycleEquipment,rg:None,Equipment,rg:[ { 'req' : 'id'} ]
RotationListBlock,string,,moved,,,,Defs,rg:None,rg:None,rg:None,rg:None,rg:None,rg:None,rg:None,rg:None,string,rg:None,rg:None,moved,rg:None,rg:None,rg:[ { 'req' : 'id'} ]
RotationListBlock,string,,startWasZero,,,,Defs,rg:None,rg:None,rg:None,rg:None,rg:None,rg:None,rg:None,rg:None,string,rg:None,rg:None,startWasZero,rg:None,rg:None,rg:[ { 'req' : 'id'} ]
RotationListBlock,integer,,rotatedBlock,,,,Defs,rg:None,rg:None,rg:None,rg:None,integer,rg:None,rg:None,rg:None,rg:None,rg:None,rg:None,rotatedBlock,rg:None,rg:None,rg:[ { 'req' : 'id'} ]
RotationListBlock,string,,blockName,,,,Defs,rg:None,rg:None,rg:None,rg:None,rg:None,rg:None,rg:None,rg:None,string,rg:None,rg:None,blockName,rg:None,rg:None,rg:[ { 'req' : 'id'} ]
RotationListBlock,string,,closed,,,,Defs,rg:None,rg:None,rg:None,rg:None,rg:None,rg:None,rg:None,rg:None,string,rg:None,rg:None,closed,rg:None,rg:None,rg:[ { 'req' : 'id'} ]
RotationListBlock,string,,closedComments,,,,Defs,rg:None,rg:None,rg:None,rg:None,rg:None,rg:None,rg:None,rg:None,string,rg:None,rg:None,closedComments,rg:None,rg:None,rg:[ { 'req' : 'id'} ]
RotationListBlock,datetime,,closedDate,,,,Defs,rg:None,rg:None,datetime,rg:None,rg:None,rg:None,rg:None,rg:None,rg:None,rg:None,rg:None,closedDate,rg:None,rg:None,rg:[ { 'req' : 'id'} ]
RotationListBlock,string,,closedBy,,,,Defs,rg:None,rg:None,rg:None,rg:None,rg:None,rg:None,rg:None,rg:None,string,rg:None,rg:None,closedBy,rg:None,rg:None,rg:[ { 'req' : 'id'} ]
RotationListBlock,datetime,,reservedDate,,,,Defs,rg:None,rg:None,datetime,rg:None,rg:None,rg:None,rg:None,rg:None,rg:None,rg:None,rg:None,reservedDate,rg:None,rg:None,rg:[ { 'req' : 'id'} ]
RotationListBlock,string,,reservedBy,,,,Defs,rg:None,rg:None,rg:None,rg:None,rg:None,rg:None,rg:None,rg:None,string,rg:None,rg:None,reservedBy,rg:None,rg:None,rg:[ { 'req' : 'id'} ]
HireOffer,table,,HireOffer,,,,Defs,rg:None,rg:None,rg:None,rg:None,rg:None,rg:None,rg:None,rg:None,rg:None,table,rg:None,HireOffer,rg:None,rg:None,rg:[ { 'req' : 'id'} ]
HireOffer,id,,id,Primary Key,,Y,Defs,rg:None,rg:None,rg:None,id,rg:None,rg:None,rg:None,rg:None,rg:None,rg:None,rg:None,id,Primary Key,rg:None,rg:[ { 'req' : 'id'} ]
HireOffer,ref,,request,,Request,,Defs,rg:None,rg:None,rg:None,rg:None,rg:None,rg:None,rg:None,ref,rg:None,rg:None,rg:None,request,rg:None,Request,rg:[ { 'req' : 'id'} ]
HireOffer,ref,,equipment,,Equipment,,Defs,rg:None,rg:None,rg:None,rg:None,rg:None,rg:None,rg:None,ref,rg:None,rg:None,rg:None,equipment,rg:None,Equipment,rg:[ { 'req' : 'id'} ]
HireOffer,ref,,rentalAgreement,The rental agreement created for this hire offer. Available only if status code is Yes,RentalAgreement,,Defs,rg:None,rg:None,rg:None,rg:None,rg:None,rg:None,rg:None,ref,rg:None,rg:None,rg:None,rentalAgreement,The rental agreement created for this hire offer. Available only if status code is Yes,RentalAgreement,rg:[ { 'req' : 'id'} ]
HireOffer,boolean,,isForceHire,,,,Defs,boolean,rg:None,rg:None,rg:None,rg:None,rg:None,rg:None,rg:None,rg:None,rg:None,rg:None,isForceHire,rg:None,rg:None,rg:[ { 'req' : 'id'} ]
HireOffer,boolean,,asked,,,,Defs,boolean,rg:None,rg:None,rg:None,rg:None,rg:None,rg:None,rg:None,rg:None,rg:None,rg:None,asked,rg:None,rg:None,rg:[ { 'req' : 'id'} ]
HireOffer,datetime,,askedDate,,,,Defs,rg:None,rg:None,datetime,rg:None,rg:None,rg:None,rg:None,rg:None,rg:None,rg:None,rg:None,askedDate,rg:None,rg:None,rg:[ { 'req' : 'id'} ]
HireOffer,boolean,,acceptedOffer,The response about the equipment. Either a No (move to next on the list) or Yes (move to on to the Rental Agreement),,,Defs,boolean,rg:None,rg:None,rg:None,rg:None,rg:None,rg:None,rg:None,rg:None,rg:None,rg:None,acceptedOffer,The response about the equipment. Either a No (move to next on the list) or Yes (move to on to the Rental Agreement),rg:None,rg:[ { 'req' : 'id'} ]
HireOffer,string,,refuseReason,,,,Defs,rg:None,rg:None,rg:None,rg:None,rg:None,rg:None,rg:None,rg:None,string,rg:None,rg:None,refuseReason,rg:None,rg:None,rg:[ { 'req' : 'id'} ]
HireOffer,string,,note,,,,Defs,rg:None,rg:None,rg:None,rg:None,rg:None,rg:None,rg:None,rg:None,string,rg:None,rg:None,note,rg:None,rg:None,rg:[ { 'req' : 'id'} ]
HireOffer,boolean,,equipmentVerifiedActive,,,,Defs,boolean,rg:None,rg:None,rg:None,rg:None,rg:None,rg:None,rg:None,rg:None,rg:None,rg:None,equipmentVerifiedActive,rg:None,rg:None,rg:[ { 'req' : 'id'} ]
HireOffer,boolean,,flagEquipmentUpdate,,,,Defs,boolean,rg:None,rg:None,rg:None,rg:None,rg:None,rg:None,rg:None,rg:None,rg:None,rg:None,flagEquipmentUpdate,rg:None,rg:None,rg:[ { 'req' : 'id'} ]
HireOffer,string,,equipmentUpdateReason,,,,Defs,rg:None,rg:None,rg:None,rg:None,rg:None,rg:None,rg:None,rg:None,string,rg:None,rg:None,equipmentUpdateReason,rg:None,rg:None,rg:[ { 'req' : 'id'} ]
RentalAgreement,table,,RentalAgreement,,,,Defs,rg:None,rg:None,rg:None,rg:None,rg:None,rg:None,rg:None,rg:None,rg:None,table,rg:None,RentalAgreement,rg:None,rg:None,rg:[ { 'req' : 'id'} ]
RentalAgreement,id,,id,Primary Key,,Y,Defs,rg:None,rg:None,rg:None,id,rg:None,rg:None,rg:None,rg:None,rg:None,rg:None,rg:None,id,Primary Key,rg:None,rg:[ { 'req' : 'id'} ]
RentalAgreement,ref,,equipment,,Equipment,,Defs,rg:None,rg:None,rg:None,rg:None,rg:None,rg:None,rg:None,ref,rg:None,rg:None,rg:None,equipment,rg:None,Equipment,rg:[ { 'req' : 'id'} ]
RentalAgreement,ref,,project,,Project,,Defs,rg:None,rg:None,rg:None,rg:None,rg:None,rg:None,rg:None,ref,rg:None,rg:None,rg:None,project,rg:None,Project,rg:[ { 'req' : 'id'} ]
RentalAgreement,links,,timeRecords,,TimeRecord,,Defs,rg:None,rg:None,rg:None,rg:None,rg:None,rg:None,links,rg:None,rg:None,rg:None,rg:None,timeRecords,rg:None,TimeRecord,rg:[ { 'req' : 'id'} ]
TimeRecord,table,,TimeRecord,,,,Defs,rg:None,rg:None,rg:None,rg:None,rg:None,rg:None,rg:None,rg:None,rg:None,table,rg:None,TimeRecord,rg:None,rg:None,rg:[ { 'req' : 'id'} ]
TimeRecord,id,,id,Primary Key,,Y,Defs,rg:None,rg:None,rg:None,id,rg:None,rg:None,rg:None,rg:None,rg:None,rg:None,rg:None,id,Primary Key,rg:None,rg:[ { 'req' : 'id'} ]
TimeRecord,ref,,rentalAgreement,,RentalAgreement,,Defs,rg:None,rg:None,rg:None,rg:None,rg:None,rg:None,rg:None,ref,rg:None,rg:None,rg:None,rentalAgreement,rg:None,RentalAgreement,rg:[ { 'req' : 'id'} ]
TimeRecord,datetime,,workedDate,,,,Defs,rg:None,rg:None,datetime,rg:None,rg:None,rg:None,rg:None,rg:None,rg:None,rg:None,rg:None,workedDate,rg:None,rg:None,rg:[ { 'req' : 'id'} ]
TimeRecord,datetime,,enteredDate,,,,Defs,rg:None,rg:None,datetime,rg:None,rg:None,rg:None,rg:None,rg:None,rg:None,rg:None,rg:None,enteredDate,rg:None,rg:None,rg:[ { 'req' : 'id'} ]
TimeRecord,float,,hours,,,,Defs,rg:None,rg:None,rg:None,rg:None,rg:None,float,rg:None,rg:None,rg:None,rg:None,rg:None,hours,rg:None,rg:None,rg:[ { 'req' : 'id'} ]
TimeRecord,float,,rate,,,,Defs,rg:None,rg:None,rg:None,rg:None,rg:None,float,rg:None,rg:None,rg:None,rg:None,rg:None,rate,rg:None,rg:None,rg:[ { 'req' : 'id'} ]
TimeRecord,float,,hours2,,,,Defs,rg:None,rg:None,rg:None,rg:None,rg:None,float,rg:None,rg:None,rg:None,rg:None,rg:None,hours2,rg:None,rg:None,rg:[ { 'req' : 'id'} ]
TimeRecord,float,,rate2,,,,Defs,rg:None,rg:None,rg:None,rg:None,rg:None,float,rg:None,rg:None,rg:None,rg:None,rg:None,rate2,rg:None,rg:None,rg:[ { 'req' : 'id'} ]
TimeRecord,float,,hours3,,,,Defs,rg:None,rg:None,rg:None,rg:None,rg:None,float,rg:None,rg:None,rg:None,rg:None,rg:None,hours3,rg:None,rg:None,rg:[ { 'req' : 'id'} ]
TimeRecord,float,,rate3,,,,Defs,rg:None,rg:None,rg:None,rg:None,rg:None,float,rg:None,rg:None,rg:None,rg:None,rg:None,rate3,rg:None,rg:None,rg:[ { 'req' : 'id'} ]
Equipment,table,,Equipment,,,,Defs,rg:None,rg:None,rg:None,rg:None,rg:None,rg:None,rg:None,rg:None,rg:None,table,rg:None,Equipment,rg:None,rg:None,rg:[ { 'req' : 'id'} ]
Equipment,id,,id,Primary Key,,Y,Defs,rg:None,rg:None,rg:None,id,rg:None,rg:None,rg:None,rg:None,rg:None,rg:None,rg:None,id,Primary Key,rg:None,rg:[ { 'req' : 'id'} ]
Equipment,ref,,localArea,,LocalArea,,Defs,rg:None,rg:None,rg:None,rg:None,rg:None,rg:None,rg:None,ref,rg:None,rg:None,rg:None,localArea,rg:None,LocalArea,rg:[ { 'req' : 'id'} ]
Equipment,ref,,equipmentType,,EquipmentType,,Defs,rg:None,rg:None,rg:None,rg:None,rg:None,rg:None,rg:None,ref,rg:None,rg:None,rg:None,equipmentType,rg:None,EquipmentType,rg:[ { 'req' : 'id'} ]
Equipment,ref,,dumpTruckDetails,,DumpTruck,,Defs,rg:None,rg:None,rg:None,rg:None,rg:None,rg:None,rg:None,ref,rg:None,rg:None,rg:None,dumpTruckDetails,rg:None,DumpTruck,rg:[ { 'req' : 'id'} ]
Equipment,ref,,owner,,Owner,,Defs,rg:None,rg:None,rg:None,rg:None,rg:None,rg:None,rg:None,ref,rg:None,rg:None,rg:None,owner,rg:None,Owner,rg:[ { 'req' : 'id'} ]
Equipment,string,,equipCd,,,,Defs,rg:None,rg:None,rg:None,rg:None,rg:None,rg:None,rg:None,rg:None,string,rg:None,rg:None,equipCd,rg:None,rg:None,rg:[ { 'req' : 'id'} ]
Equipment,string,,approval,,,,Defs,rg:None,rg:None,rg:None,rg:None,rg:None,rg:None,rg:None,rg:None,string,rg:None,rg:None,approval,rg:None,rg:None,rg:[ { 'req' : 'id'} ]
Equipment,datetime,,approvedDate,,,,Defs,rg:None,rg:None,datetime,rg:None,rg:None,rg:None,rg:None,rg:None,rg:None,rg:None,rg:None,approvedDate,rg:None,rg:None,rg:[ { 'req' : 'id'} ]
Equipment,datetime,,receivedDate,,,,Defs,rg:None,rg:None,datetime,rg:None,rg:None,rg:None,rg:None,rg:None,rg:None,rg:None,rg:None,receivedDate,rg:None,rg:None,rg:[ { 'req' : 'id'} ]
Equipment,string,,addressLine1,Address 1 line of the address.,,,Defs,rg:None,rg:None,rg:None,rg:None,rg:None,rg:None,rg:None,rg:None,string,rg:None,rg:None,addressLine1,Address 1 line of the address.,rg:None,rg:[ { 'req' : 'id'} ]
Equipment,string,,addressLine2,Address 2 line of the address.,,,Defs,rg:None,rg:None,rg:None,rg:None,rg:None,rg:None,rg:None,rg:None,string,rg:None,rg:None,addressLine2,Address 2 line of the address.,rg:None,rg:[ { 'req' : 'id'} ]
Equipment,string,,addressLine3,Address 3 line of the address.,,,Defs,rg:None,rg:None,rg:None,rg:None,rg:None,rg:None,rg:None,rg:None,string,rg:None,rg:None,addressLine3,Address 3 line of the address.,rg:None,rg:[ { 'req' : 'id'} ]
Equipment,string,,addressLine4,Address 4 line of the address.,,,Defs,rg:None,rg:None,rg:None,rg:None,rg:None,rg:None,rg:None,rg:None,string,rg:None,rg:None,addressLine4,Address 4 line of the address.,rg:None,rg:[ { 'req' : 'id'} ]
Equipment,string,,city,,,,Defs,rg:None,rg:None,rg:None,rg:None,rg:None,rg:None,rg:None,rg:None,string,rg:None,rg:None,city,rg:None,rg:None,rg:[ { 'req' : 'id'} ]
Equipment,string,,postal,,,,Defs,rg:None,rg:None,rg:None,rg:None,rg:None,rg:None,rg:None,rg:None,string,rg:None,rg:None,postal,rg:None,rg:None,rg:[ { 'req' : 'id'} ]
Equipment,float,,blockNumber,,,,Defs,rg:None,rg:None,rg:None,rg:None,rg:None,float,rg:None,rg:None,rg:None,rg:None,rg:None,blockNumber,rg:None,rg:None,rg:[ { 'req' : 'id'} ]
Equipment,string,,comment,,,,Defs,rg:None,rg:None,rg:None,rg:None,rg:None,rg:None,rg:None,rg:None,string,rg:None,rg:None,comment,rg:None,rg:None,rg:[ { 'req' : 'id'} ]
Equipment,float,,cycleHrsWrk,,,,Defs,rg:None,rg:None,rg:None,rg:None,rg:None,float,rg:None,rg:None,rg:None,rg:None,rg:None,cycleHrsWrk,rg:None,rg:None,rg:[ { 'req' : 'id'} ]
Equipment,string,,frozenOut,,,,Defs,rg:None,rg:None,rg:None,rg:None,rg:None,rg:None,rg:None,rg:None,string,rg:None,rg:None,frozenOut,rg:None,rg:None,rg:[ { 'req' : 'id'} ]
Equipment,string,,lastDate,,,,Defs,rg:None,rg:None,rg:None,rg:None,rg:None,rg:None,rg:None,rg:None,string,rg:None,rg:None,lastDate,rg:None,rg:None,rg:[ { 'req' : 'id'} ]
Equipment,string,,licence,,,,Defs,rg:None,rg:None,rg:None,rg:None,rg:None,rg:None,rg:None,rg:None,string,rg:None,rg:None,licence,rg:None,rg:None,rg:[ { 'req' : 'id'} ]
Equipment,string,,make,,,,Defs,rg:None,rg:None,rg:None,rg:None,rg:None,rg:None,rg:None,rg:None,string,rg:None,rg:None,make,rg:None,rg:None,rg:[ { 'req' : 'id'} ]
Equipment,string,,model,,,,Defs,rg:None,rg:None,rg:None,rg:None,rg:None,rg:None,rg:None,rg:None,string,rg:None,rg:None,model,rg:None,rg:None,rg:[ { 'req' : 'id'} ]
Equipment,string,,year,,,,Defs,rg:None,rg:None,rg:None,rg:None,rg:None,rg:None,rg:None,rg:None,string,rg:None,rg:None,year,rg:None,rg:None,rg:[ { 'req' : 'id'} ]
Equipment,string,,type,,,,Defs,rg:None,rg:None,rg:None,rg:None,rg:None,rg:None,rg:None,rg:None,string,rg:None,rg:None,type,rg:None,rg:None,rg:[ { 'req' : 'id'} ]
Equipment,float,,numYears,,,,Defs,rg:None,rg:None,rg:None,rg:None,rg:None,float,rg:None,rg:None,rg:None,rg:None,rg:None,numYears,rg:None,rg:None,rg:[ { 'req' : 'id'} ]
Equipment,string,,operator,,,,Defs,rg:None,rg:None,rg:None,rg:None,rg:None,rg:None,rg:None,rg:None,string,rg:None,rg:None,operator,rg:None,rg:None,rg:[ { 'req' : 'id'} ]
Equipment,float,,payRate,,,,Defs,rg:None,rg:None,rg:None,rg:None,rg:None,float,rg:None,rg:None,rg:None,rg:None,rg:None,payRate,rg:None,rg:None,rg:[ { 'req' : 'id'} ]
Equipment,string,,refuseRate,,,,Defs,rg:None,rg:None,rg:None,rg:None,rg:None,rg:None,rg:None,rg:None,string,rg:None,rg:None,refuseRate,rg:None,rg:None,rg:[ { 'req' : 'id'} ]
Equipment,float,,seniority,,,,Defs,rg:None,rg:None,rg:None,rg:None,rg:None,float,rg:None,rg:None,rg:None,rg:None,rg:None,seniority,rg:None,rg:None,rg:[ { 'req' : 'id'} ]
Equipment,string,,serialNum,,,,Defs,rg:None,rg:None,rg:None,rg:None,rg:None,rg:None,rg:None,rg:None,string,rg:None,rg:None,serialNum,rg:None,rg:None,rg:[ { 'req' : 'id'} ]
Equipment,string,,size,,,,Defs,rg:None,rg:None,rg:None,rg:None,rg:None,rg:None,rg:None,rg:None,string,rg:None,rg:None,size,rg:None,rg:None,rg:[ { 'req' : 'id'} ]
Equipment,datetime,,toDate,,,,Defs,rg:None,rg:None,datetime,rg:None,rg:None,rg:None,rg:None,rg:None,rg:None,rg:None,rg:None,toDate,rg:None,rg:None,rg:[ { 'req' : 'id'} ]
Equipment,string,,working,,,,Defs,rg:None,rg:None,rg:None,rg:None,rg:None,rg:None,rg:None,rg:None,string,rg:None,rg:None,working,rg:None,rg:None,rg:[ { 'req' : 'id'} ]
Equipment,string,,yearEndReg,,,,Defs,rg:None,rg:None,rg:None,rg:None,rg:None,rg:None,rg:None,rg:None,string,rg:None,rg:None,yearEndReg,rg:None,rg:None,rg:[ { 'req' : 'id'} ]
Equipment,string,,prevRegArea,,,,Defs,rg:None,rg:None,rg:None,rg:None,rg:None,rg:None,rg:None,rg:None,string,rg:None,rg:None,prevRegArea,rg:None,rg:None,rg:[ { 'req' : 'id'} ]
Equipment,float,,YTD,,,,Defs,rg:None,rg:None,rg:None,rg:None,rg:None,float,rg:None,rg:None,rg:None,rg:None,rg:None,YTD,rg:None,rg:None,rg:[ { 'req' : 'id'} ]
Equipment,float,,YTD1,,,,Defs,rg:None,rg:None,rg:None,rg:None,rg:None,float,rg:None,rg:None,rg:None,rg:None,rg:None,YTD1,rg:None,rg:None,rg:[ { 'req' : 'id'} ]
Equipment,float,,YTD2,,,,Defs,rg:None,rg:None,rg:None,rg:None,rg:None,float,rg:None,rg:None,rg:None,rg:None,rg:None,YTD2,rg:None,rg:None,rg:[ { 'req' : 'id'} ]
Equipment,float,,YTD3,,,,Defs,rg:None,rg:None,rg:None,rg:None,rg:None,float,rg:None,rg:None,rg:None,rg:None,rg:None,YTD3,rg:None,rg:None,rg:[ { 'req' : 'id'} ]
Equipment,string,,statusCd,,,,Defs,rg:None,rg:None,rg:None,rg:None,rg:None,rg:None,rg:None,rg:None,string,rg:None,rg:None,statusCd,rg:None,rg:None,rg:[ { 'req' : 'id'} ]
Equipment,string,,archiveCd,,,,Defs,rg:None,rg:None,rg:None,rg:None,rg:None,rg:None,rg:None,rg:None,string,rg:None,rg:None,archiveCd,rg:None,rg:None,rg:[ { 'req' : 'id'} ]
Equipment,string,,archiveReason,,,,Defs,rg:None,rg:None,rg:None,rg:None,rg:None,rg:None,rg:None,rg:None,string,rg:None,rg:None,archiveReason,rg:None,rg:None,rg:[ { 'req' : 'id'} ]
Equipment,datetime,,archiveDate,,,,Defs,rg:None,rg:None,datetime,rg:None,rg:None,rg:None,rg:None,rg:None,rg:None,rg:None,rg:None,archiveDate,rg:None,rg:None,rg:[ { 'req' : 'id'} ]
Equipment,float,,draftBlockNum,,,,Defs,rg:None,rg:None,rg:None,rg:None,rg:None,float,rg:None,rg:None,rg:None,rg:None,rg:None,draftBlockNum,rg:None,rg:None,rg:[ { 'req' : 'id'} ]
Equipment,string,,regDumpTruck,,,,Defs,rg:None,rg:None,rg:None,rg:None,rg:None,rg:None,rg:None,rg:None,string,rg:None,rg:None,regDumpTruck,rg:None,rg:None,rg:[ { 'req' : 'id'} ]
Equipment,links,,equipmentAttachments,,EquipmentAttachment,,Defs,rg:None,rg:None,rg:None,rg:None,rg:None,rg:None,links,rg:None,rg:None,rg:None,rg:None,equipmentAttachments,rg:None,EquipmentAttachment,rg:[ { 'req' : 'id'} ]
Equipment,links,,notes,,Note,,Defs,rg:None,rg:None,rg:None,rg:None,rg:None,rg:None,links,rg:None,rg:None,rg:None,rg:None,notes,rg:None,Note,rg:[ { 'req' : 'id'} ]
Equipment,links,,attachments,,Attachment,,Defs,rg:None,rg:None,rg:None,rg:None,rg:None,rg:None,links,rg:None,rg:None,rg:None,rg:None,attachments,rg:None,Attachment,rg:[ { 'req' : 'id'} ]
Equipment,links,,history,,History,,Defs,rg:None,rg:None,rg:None,rg:None,rg:None,rg:None,links,rg:None,rg:None,rg:None,rg:None,history,rg:None,History,rg:[ { 'req' : 'id'} ]
Equipment,links,,seniorityAudit,,SeniorityAudit,,Defs,rg:None,rg:None,rg:None,rg:None,rg:None,rg:None,links,rg:None,rg:None,rg:None,rg:None,seniorityAudit,rg:None,SeniorityAudit,rg:[ { 'req' : 'id'} ]
DumpTruck,table,,DumpTruck,,,,Defs,rg:None,rg:None,rg:None,rg:None,rg:None,rg:None,rg:None,rg:None,rg:None,table,rg:None,DumpTruck,rg:None,rg:None,rg:[ { 'req' : 'id'} ]
DumpTruck,id,,id,Primary Key,,Y,Defs,rg:None,rg:None,rg:None,id,rg:None,rg:None,rg:None,rg:None,rg:None,rg:None,rg:None,id,Primary Key,rg:None,rg:[ { 'req' : 'id'} ]
DumpTruck,string,,singleAxle,,,,Defs,rg:None,rg:None,rg:None,rg:None,rg:None,rg:None,rg:None,rg:None,string,rg:None,rg:None,singleAxle,rg:None,rg:None,rg:[ { 'req' : 'id'} ]
DumpTruck,string,,tandemAxle,,,,Defs,rg:None,rg:None,rg:None,rg:None,rg:None,rg:None,rg:None,rg:None,string,rg:None,rg:None,tandemAxle,rg:None,rg:None,rg:[ { 'req' : 'id'} ]
DumpTruck,string,,PUP,,,,Defs,rg:None,rg:None,rg:None,rg:None,rg:None,rg:None,rg:None,rg:None,string,rg:None,rg:None,PUP,rg:None,rg:None,rg:[ { 'req' : 'id'} ]
DumpTruck,string,,bellyDump,,,,Defs,rg:None,rg:None,rg:None,rg:None,rg:None,rg:None,rg:None,rg:None,string,rg:None,rg:None,bellyDump,rg:None,rg:None,rg:[ { 'req' : 'id'} ]
DumpTruck,string,,tridem,,,,Defs,rg:None,rg:None,rg:None,rg:None,rg:None,rg:None,rg:None,rg:None,string,rg:None,rg:None,tridem,rg:None,rg:None,rg:[ { 'req' : 'id'} ]
DumpTruck,string,,rockBox,,,,Defs,rg:None,rg:None,rg:None,rg:None,rg:None,rg:None,rg:None,rg:None,string,rg:None,rg:None,rockBox,rg:None,rg:None,rg:[ { 'req' : 'id'} ]
DumpTruck,string,,hiliftGate,,,,Defs,rg:None,rg:None,rg:None,rg:None,rg:None,rg:None,rg:None,rg:None,string,rg:None,rg:None,hiliftGate,rg:None,rg:None,rg:[ { 'req' : 'id'} ]
DumpTruck,string,,waterTruck,,,,Defs,rg:None,rg:None,rg:None,rg:None,rg:None,rg:None,rg:None,rg:None,string,rg:None,rg:None,waterTruck,rg:None,rg:None,rg:[ { 'req' : 'id'} ]
DumpTruck,string,,sealCoatHitch,,,,Defs,rg:None,rg:None,rg:None,rg:None,rg:None,rg:None,rg:None,rg:None,string,rg:None,rg:None,sealCoatHitch,rg:None,rg:None,rg:[ { 'req' : 'id'} ]
DumpTruck,string,,rearAxleSpacing,,,,Defs,rg:None,rg:None,rg:None,rg:None,rg:None,rg:None,rg:None,rg:None,string,rg:None,rg:None,rearAxleSpacing,rg:None,rg:None,rg:[ { 'req' : 'id'} ]
DumpTruck,string,,frontTireSize,,,,Defs,rg:None,rg:None,rg:None,rg:None,rg:None,rg:None,rg:None,rg:None,string,rg:None,rg:None,frontTireSize,rg:None,rg:None,rg:[ { 'req' : 'id'} ]
DumpTruck,string,,frontTireUOM,,,,Defs,rg:None,rg:None,rg:None,rg:None,rg:None,rg:None,rg:None,rg:None,string,rg:None,rg:None,frontTireUOM,rg:None,rg:None,rg:[ { 'req' : 'id'} ]
DumpTruck,string,,frontAxleCapacity,,,,Defs,rg:None,rg:None,rg:None,rg:None,rg:None,rg:None,rg:None,rg:None,string,rg:None,rg:None,frontAxleCapacity,rg:None,rg:None,rg:[ { 'req' : 'id'} ]
DumpTruck,string,,rearAxleCapacity,,,,Defs,rg:None,rg:None,rg:None,rg:None,rg:None,rg:None,rg:None,rg:None,string,rg:None,rg:None,rearAxleCapacity,rg:None,rg:None,rg:[ { 'req' : 'id'} ]
DumpTruck,string,,legalLoad,,,,Defs,rg:None,rg:None,rg:None,rg:None,rg:None,rg:None,rg:None,rg:None,string,rg:None,rg:None,legalLoad,rg:None,rg:None,rg:[ { 'req' : 'id'} ]
DumpTruck,string,,legalCapacity,,,,Defs,rg:None,rg:None,rg:None,rg:None,rg:None,rg:None,rg:None,rg:None,string,rg:None,rg:None,legalCapacity,rg:None,rg:None,rg:[ { 'req' : 'id'} ]
DumpTruck,string,,legalPUPTareWeight,,,,Defs,rg:None,rg:None,rg:None,rg:None,rg:None,rg:None,rg:None,rg:None,string,rg:None,rg:None,legalPUPTareWeight,rg:None,rg:None,rg:[ { 'req' : 'id'} ]
DumpTruck,string,,licencedGVW,,,,Defs,rg:None,rg:None,rg:None,rg:None,rg:None,rg:None,rg:None,rg:None,string,rg:None,rg:None,licencedGVW,rg:None,rg:None,rg:[ { 'req' : 'id'} ]
DumpTruck,string,,licencedGVWUOM,,,,Defs,rg:None,rg:None,rg:None,rg:None,rg:None,rg:None,rg:None,rg:None,string,rg:None,rg:None,licencedGVWUOM,rg:None,rg:None,rg:[ { 'req' : 'id'} ]
DumpTruck,string,,licencedTareWeight,,,,Defs,rg:None,rg:None,rg:None,rg:None,rg:None,rg:None,rg:None,rg:None,string,rg:None,rg:None,licencedTareWeight,rg:None,rg:None,rg:[ { 'req' : 'id'} ]
DumpTruck,string,,licencedPUPTareWeight,,,,Defs,rg:None,rg:None,rg:None,rg:None,rg:None,rg:None,rg:None,rg:None,string,rg:None,rg:None,licencedPUPTareWeight,rg:None,rg:None,rg:[ { 'req' : 'id'} ]
DumpTruck,string,,licencedLoad,,,,Defs,rg:None,rg:None,rg:None,rg:None,rg:None,rg:None,rg:None,rg:None,string,rg:None,rg:None,licencedLoad,rg:None,rg:None,rg:[ { 'req' : 'id'} ]
DumpTruck,string,,licencedCapacity,,,,Defs,rg:None,rg:None,rg:None,rg:None,rg:None,rg:None,rg:None,rg:None,string,rg:None,rg:None,licencedCapacity,rg:None,rg:None,rg:[ { 'req' : 'id'} ]
DumpTruck,string,,boxLength,,,,Defs,rg:None,rg:None,rg:None,rg:None,rg:None,rg:None,rg:None,rg:None,string,rg:None,rg:None,boxLength,rg:None,rg:None,rg:[ { 'req' : 'id'} ]
DumpTruck,string,,boxWidth,,,,Defs,rg:None,rg:None,rg:None,rg:None,rg:None,rg:None,rg:None,rg:None,string,rg:None,rg:None,boxWidth,rg:None,rg:None,rg:[ { 'req' : 'id'} ]
DumpTruck,string,,boxHeight,,,,Defs,rg:None,rg:None,rg:None,rg:None,rg:None,rg:None,rg:None,rg:None,string,rg:None,rg:None,boxHeight,rg:None,rg:None,rg:[ { 'req' : 'id'} ]
DumpTruck,string,,boxCapacity,,,,Defs,rg:None,rg:None,rg:None,rg:None,rg:None,rg:None,rg:None,rg:None,string,rg:None,rg:None,boxCapacity,rg:None,rg:None,rg:[ { 'req' : 'id'} ]
DumpTruck,string,,trailerBoxLength,,,,Defs,rg:None,rg:None,rg:None,rg:None,rg:None,rg:None,rg:None,rg:None,string,rg:None,rg:None,trailerBoxLength,rg:None,rg:None,rg:[ { 'req' : 'id'} ]
DumpTruck,string,,trailerBoxWidth,,,,Defs,rg:None,rg:None,rg:None,rg:None,rg:None,rg:None,rg:None,rg:None,string,rg:None,rg:None,trailerBoxWidth,rg:None,rg:None,rg:[ { 'req' : 'id'} ]
DumpTruck,string,,trailerBoxHeight,,,,Defs,rg:None,rg:None,rg:None,rg:None,rg:None,rg:None,rg:None,rg:None,string,rg:None,rg:None,trailerBoxHeight,rg:None,rg:None,rg:[ { 'req' : 'id'} ]
DumpTruck,string,,trailerBoxCapacity,,,,Defs,rg:None,rg:None,rg:None,rg:None,rg:None,rg:None,rg:None,rg:None,string,rg:None,rg:None,trailerBoxCapacity,rg:None,rg:None,rg:[ { 'req' : 'id'} ]
EquipmentAttachment,table,,EquipmentAttachment,,,,Defs,rg:None,rg:None,rg:None,rg:None,rg:None,rg:None,rg:None,rg:None,rg:None,table,rg:None,EquipmentAttachment,rg:None,rg:None,rg:[ { 'req' : 'id'} ]
EquipmentAttachment,id,,id,Primary Key,,Y,Defs,rg:None,rg:None,rg:None,id,rg:None,rg:None,rg:None,rg:None,rg:None,rg:None,rg:None,id,Primary Key,rg:None,rg:[ { 'req' : 'id'} ]
EquipmentAttachment,ref,,equipment,,Equipment,,Defs,rg:None,rg:None,rg:None,rg:None,rg:None,rg:None,rg:None,ref,rg:None,rg:None,rg:None,equipment,rg:None,Equipment,rg:[ { 'req' : 'id'} ]
EquipmentAttachment,ref,,type,The type of the equipment attachment.,EquipmentAttachmentType,,Defs,rg:None,rg:None,rg:None,rg:None,rg:None,rg:None,rg:None,ref,rg:None,rg:None,rg:None,type,The type of the equipment attachment.,EquipmentAttachmentType,rg:[ { 'req' : 'id'} ]
EquipmentAttachment,integer,,seqNum,,,,Defs,rg:None,rg:None,rg:None,rg:None,integer,rg:None,rg:None,rg:None,rg:None,rg:None,rg:None,seqNum,rg:None,rg:None,rg:[ { 'req' : 'id'} ]
EquipmentAttachment,string,,description,,,,Defs,rg:None,rg:None,rg:None,rg:None,rg:None,rg:None,rg:None,rg:None,string,rg:None,rg:None,description,rg:None,rg:None,rg:[ { 'req' : 'id'} ]
EquipmentType,table,,EquipmentType,,,,Defs,rg:None,rg:None,rg:None,rg:None,rg:None,rg:None,rg:None,rg:None,rg:None,table,rg:None,EquipmentType,rg:None,rg:None,rg:[ { 'req' : 'id'} ]
EquipmentType,id,,id,Primary Key,,Y,Defs,rg:None,rg:None,rg:None,id,rg:None,rg:None,rg:None,rg:None,rg:None,rg:None,rg:None,id,Primary Key,rg:None,rg:[ { 'req' : 'id'} ]
EquipmentType,ref,,localArea,,LocalArea,,Defs,rg:None,rg:None,rg:None,rg:None,rg:None,rg:None,rg:None,ref,rg:None,rg:None,rg:None,localArea,rg:None,LocalArea,rg:[ { 'req' : 'id'} ]
EquipmentType,string,,code,,,,Defs,rg:None,rg:None,rg:None,rg:None,rg:None,rg:None,rg:None,rg:None,string,rg:None,rg:None,code,rg:None,rg:None,rg:[ { 'req' : 'id'} ]
EquipmentType,string,,description,,,,Defs,rg:None,rg:None,rg:None,rg:None,rg:None,rg:None,rg:None,rg:None,string,rg:None,rg:None,description,rg:None,rg:None,rg:[ { 'req' : 'id'} ]
EquipmentType,float,,equipRentalRateNo,,,,Defs,rg:None,rg:None,rg:None,rg:None,rg:None,float,rg:None,rg:None,rg:None,rg:None,rg:None,equipRentalRateNo,rg:None,rg:None,rg:[ { 'req' : 'id'} ]
EquipmentType,float,,equipRentalRatePage,,,,Defs,rg:None,rg:None,rg:None,rg:None,rg:None,float,rg:None,rg:None,rg:None,rg:None,rg:None,equipRentalRatePage,rg:None,rg:None,rg:[ { 'req' : 'id'} ]
EquipmentType,float,,maxHours,,,,Defs,rg:None,rg:None,rg:None,rg:None,rg:None,float,rg:None,rg:None,rg:None,rg:None,rg:None,maxHours,rg:None,rg:None,rg:[ { 'req' : 'id'} ]
EquipmentType,float,,extendHours,,,,Defs,rg:None,rg:None,rg:None,rg:None,rg:None,float,rg:None,rg:None,rg:None,rg:None,rg:None,extendHours,rg:None,rg:None,rg:[ { 'req' : 'id'} ]
EquipmentType,float,,maxHoursSub,,,,Defs,rg:None,rg:None,rg:None,rg:None,rg:None,float,rg:None,rg:None,rg:None,rg:None,rg:None,maxHoursSub,rg:None,rg:None,rg:[ { 'req' : 'id'} ]
EquipmentType,string,,secondBlk,,,,Defs,rg:None,rg:None,rg:None,rg:None,rg:None,rg:None,rg:None,rg:None,string,rg:None,rg:None,secondBlk,rg:None,rg:None,rg:[ { 'req' : 'id'} ]
EquipmentAttachmentType,table,,EquipmentAttachmentType,,,,Defs,rg:None,rg:None,rg:None,rg:None,rg:None,rg:None,rg:None,rg:None,rg:None,table,rg:None,EquipmentAttachmentType,rg:None,rg:None,rg:[ { 'req' : 'id'} ]
EquipmentAttachmentType,id,,id,Primary Key,,Y,Defs,rg:None,rg:None,rg:None,id,rg:None,rg:None,rg:None,rg:None,rg:None,rg:None,rg:None,id,Primary Key,rg:None,rg:[ { 'req' : 'id'} ]
EquipmentAttachmentType,string,,code,,,,Defs,rg:None,rg:None,rg:None,rg:None,rg:None,rg:None,rg:None,rg:None,string,rg:None,rg:None,code,rg:None,rg:None,rg:[ { 'req' : 'id'} ]
EquipmentAttachmentType,string,,description,,,,Defs,rg:None,rg:None,rg:None,rg:None,rg:None,rg:None,rg:None,rg:None,string,rg:None,rg:None,description,rg:None,rg:None,rg:[ { 'req' : 'id'} ]
SeniorityAudit,table,,SeniorityAudit,,,,Defs,rg:None,rg:None,rg:None,rg:None,rg:None,rg:None,rg:None,rg:None,rg:None,table,rg:None,SeniorityAudit,rg:None,rg:None,rg:[ { 'req' : 'id'} ]
SeniorityAudit,id,,id,Primary Key,,Y,Defs,rg:None,rg:None,rg:None,id,rg:None,rg:None,rg:None,rg:None,rg:None,rg:None,rg:None,id,Primary Key,rg:None,rg:[ { 'req' : 'id'} ]
SeniorityAudit,datetime,,generatedTime,,,,Defs,rg:None,rg:None,datetime,rg:None,rg:None,rg:None,rg:None,rg:None,rg:None,rg:None,rg:None,generatedTime,rg:None,rg:None,rg:[ { 'req' : 'id'} ]
SeniorityAudit,ref,,localArea,,LocalArea,,Defs,rg:None,rg:None,rg:None,rg:None,rg:None,rg:None,rg:None,ref,rg:None,rg:None,rg:None,localArea,rg:None,LocalArea,rg:[ { 'req' : 'id'} ]
SeniorityAudit,ref,,equipment,,Equipment,,Defs,rg:None,rg:None,rg:None,rg:None,rg:None,rg:None,rg:None,ref,rg:None,rg:None,rg:None,equipment,rg:None,Equipment,rg:[ { 'req' : 'id'} ]
SeniorityAudit,float,,blockNum,,,,Defs,rg:None,rg:None,rg:None,rg:None,rg:None,float,rg:None,rg:None,rg:None,rg:None,rg:None,blockNum,rg:None,rg:None,rg:[ { 'req' : 'id'} ]
SeniorityAudit,string,,equipCd,,,,Defs,rg:None,rg:None,rg:None,rg:None,rg:None,rg:None,rg:None,rg:None,string,rg:None,rg:None,equipCd,rg:None,rg:None,rg:[ { 'req' : 'id'} ]
SeniorityAudit,ref,,owner,,Owner,,Defs,rg:None,rg:None,rg:None,rg:None,rg:None,rg:None,rg:None,ref,rg:None,rg:None,rg:None,owner,rg:None,Owner,rg:[ { 'req' : 'id'} ]
SeniorityAudit,string,,ownerName,,,,Defs,rg:None,rg:None,rg:None,rg:None,rg:None,rg:None,rg:None,rg:None,string,rg:None,rg:None,ownerName,rg:None,rg:None,rg:[ { 'req' : 'id'} ]
SeniorityAudit,float,,seniority,,,,Defs,rg:None,rg:None,rg:None,rg:None,rg:None,float,rg:None,rg:None,rg:None,rg:None,rg:None,seniority,rg:None,rg:None,rg:[ { 'req' : 'id'} ]
SeniorityAudit,float,,YTD,,,,Defs,rg:None,rg:None,rg:None,rg:None,rg:None,float,rg:None,rg:None,rg:None,rg:None,rg:None,YTD,rg:None,rg:None,rg:[ { 'req' : 'id'} ]
SeniorityAudit,float,,YTD1,,,,Defs,rg:None,rg:None,rg:None,rg:None,rg:None,float,rg:None,rg:None,rg:None,rg:None,rg:None,YTD1,rg:None,rg:None,rg:[ { 'req' : 'id'} ]
SeniorityAudit,float,,YTD2,,,,Defs,rg:None,rg:None,rg:None,rg:None,rg:None,float,rg:None,rg:None,rg:None,rg:None,rg:None,YTD2,rg:None,rg:None,rg:[ { 'req' : 'id'} ]
SeniorityAudit,float,,YTD3,,,,Defs,rg:None,rg:None,rg:None,rg:None,rg:None,float,rg:None,rg:None,rg:None,rg:None,rg:None,YTD3,rg:None,rg:None,rg:[ { 'req' : 'id'} ]
SeniorityAudit,float,,cycleHrsWrk,,,,Defs,rg:None,rg:None,rg:None,rg:None,rg:None,float,rg:None,rg:None,rg:None,rg:None,rg:None,cycleHrsWrk,rg:None,rg:None,rg:[ { 'req' : 'id'} ]
SeniorityAudit,string,,frozenOut,,,,Defs,rg:None,rg:None,rg:None,rg:None,rg:None,rg:None,rg:None,rg:None,string,rg:None,rg:None,frozenOut,rg:None,rg:None,rg:[ { 'req' : 'id'} ]
SeniorityAudit,ref,,project,,Project,,Defs,rg:None,rg:None,rg:None,rg:None,rg:None,rg:None,rg:None,ref,rg:None,rg:None,rg:None,project,rg:None,Project,rg:[ { 'req' : 'id'} ]
SeniorityAudit,string,,working,,,,Defs,rg:None,rg:None,rg:None,rg:None,rg:None,rg:None,rg:None,rg:None,string,rg:None,rg:None,working,rg:None,rg:None,rg:[ { 'req' : 'id'} ]
SeniorityAudit,string,,yearEndReg,,,,Defs,rg:None,rg:None,rg:None,rg:None,rg:None,rg:None,rg:None,rg:None,string,rg:None,rg:None,yearEndReg,rg:None,rg:None,rg:[ { 'req' : 'id'} ]
Owner,table,,Owner,,,,Defs,rg:None,rg:None,rg:None,rg:None,rg:None,rg:None,rg:None,rg:None,rg:None,table,rg:None,Owner,rg:None,rg:None,rg:[ { 'req' : 'id'} ]
Owner,id,,id,Primary Key,,Y,Defs,rg:None,rg:None,rg:None,id,rg:None,rg:None,rg:None,rg:None,rg:None,rg:None,rg:None,id,Primary Key,rg:None,rg:[ { 'req' : 'id'} ]
Owner,string,,ownerCd,,,,Defs,rg:None,rg:None,rg:None,rg:None,rg:None,rg:None,rg:None,rg:None,string,rg:None,rg:None,ownerCd,rg:None,rg:None,rg:[ { 'req' : 'id'} ]
Owner,string,,ownerFirstName,,,,Defs,rg:None,rg:None,rg:None,rg:None,rg:None,rg:None,rg:None,rg:None,string,rg:None,rg:None,ownerFirstName,rg:None,rg:None,rg:[ { 'req' : 'id'} ]
Owner,string,,ownerLastName,,,,Defs,rg:None,rg:None,rg:None,rg:None,rg:None,rg:None,rg:None,rg:None,string,rg:None,rg:None,ownerLastName,rg:None,rg:None,rg:[ { 'req' : 'id'} ]
Owner,string,,contactPerson,,,,Defs,rg:None,rg:None,rg:None,rg:None,rg:None,rg:None,rg:None,rg:None,string,rg:None,rg:None,contactPerson,rg:None,rg:None,rg:[ { 'req' : 'id'} ]
Owner,string,,localToArea,,,,Defs,rg:None,rg:None,rg:None,rg:None,rg:None,rg:None,rg:None,rg:None,string,rg:None,rg:None,localToArea,rg:None,rg:None,rg:[ { 'req' : 'id'} ]
Owner,string,,maintenanceContractor,,,,Defs,rg:None,rg:None,rg:None,rg:None,rg:None,rg:None,rg:None,rg:None,string,rg:None,rg:None,maintenanceContractor,rg:None,rg:None,rg:[ { 'req' : 'id'} ]
Owner,string,,comment,,,,Defs,rg:None,rg:None,rg:None,rg:None,rg:None,rg:None,rg:None,rg:None,string,rg:None,rg:None,comment,rg:None,rg:None,rg:[ { 'req' : 'id'} ]
Owner,integer,,WCBNum,,,,Defs,rg:None,rg:None,rg:None,rg:None,integer,rg:None,rg:None,rg:None,rg:None,rg:None,rg:None,WCBNum,rg:None,rg:None,rg:[ { 'req' : 'id'} ]
Owner,datetime,,WCBExpiryDate,,,,Defs,rg:None,rg:None,datetime,rg:None,rg:None,rg:None,rg:None,rg:None,rg:None,rg:None,rg:None,WCBExpiryDate,rg:None,rg:None,rg:[ { 'req' : 'id'} ]
Owner,string,,CGLCompany,,,,Defs,rg:None,rg:None,rg:None,rg:None,rg:None,rg:None,rg:None,rg:None,string,rg:None,rg:None,CGLCompany,rg:None,rg:None,rg:[ { 'req' : 'id'} ]
Owner,string,,CGLPolicy,,,,Defs,rg:None,rg:None,rg:None,rg:None,rg:None,rg:None,rg:None,rg:None,string,rg:None,rg:None,CGLPolicy,rg:None,rg:None,rg:[ { 'req' : 'id'} ]
Owner,datetime,,CGLStartDate,,,,Defs,rg:None,rg:None,datetime,rg:None,rg:None,rg:None,rg:None,rg:None,rg:None,rg:None,rg:None,CGLStartDate,rg:None,rg:None,rg:[ { 'req' : 'id'} ]
Owner,datetime,,CGLEndDate,,,,Defs,rg:None,rg:None,datetime,rg:None,rg:None,rg:None,rg:None,rg:None,rg:None,rg:None,rg:None,CGLEndDate,rg:None,rg:None,rg:[ { 'req' : 'id'} ]
Owner,string,,statusCd,,,,Defs,rg:None,rg:None,rg:None,rg:None,rg:None,rg:None,rg:None,rg:None,string,rg:None,rg:None,statusCd,rg:None,rg:None,rg:[ { 'req' : 'id'} ]
Owner,string,,archiveCd,,,,Defs,rg:None,rg:None,rg:None,rg:None,rg:None,rg:None,rg:None,rg:None,string,rg:None,rg:None,archiveCd,rg:None,rg:None,rg:[ { 'req' : 'id'} ]
Owner,string,,archiveReason,,,,Defs,rg:None,rg:None,rg:None,rg:None,rg:None,rg:None,rg:None,rg:None,string,rg:None,rg:None,archiveReason,rg:None,rg:None,rg:[ { 'req' : 'id'} ]
Owner,ref,,localArea,,LocalArea,,Defs,rg:None,rg:None,rg:None,rg:None,rg:None,rg:None,rg:None,ref,rg:None,rg:None,rg:None,localArea,rg:None,LocalArea,rg:[ { 'req' : 'id'} ]
Owner,ref,,primaryContact,Link to the designated Primary Contact.,Contact,,Defs,rg:None,rg:None,rg:None,rg:None,rg:None,rg:None,rg:None,ref,rg:None,rg:None,rg:None,primaryContact,Link to the designated Primary Contact.,Contact,rg:[ { 'req' : 'id'} ]
Owner,links,,contacts,,Contact,,Defs,rg:None,rg:None,rg:None,rg:None,rg:None,rg:None,links,rg:None,rg:None,rg:None,rg:None,contacts,rg:None,Contact,rg:[ { 'req' : 'id'} ]
Owner,links,,notes,,Note,,Defs,rg:None,rg:None,rg:None,rg:None,rg:None,rg:None,links,rg:None,rg:None,rg:None,rg:None,notes,rg:None,Note,rg:[ { 'req' : 'id'} ]
Owner,links,,attachments,,Attachment,,Defs,rg:None,rg:None,rg:None,rg:None,rg:None,rg:None,links,rg:None,rg:None,rg:None,rg:None,attachments,rg:None,Attachment,rg:[ { 'req' : 'id'} ]
Owner,links,,history,,History,,Defs,rg:None,rg:None,rg:None,rg:None,rg:None,rg:None,links,rg:None,rg:None,rg:None,rg:None,history,rg:None,History,rg:[ { 'req' : 'id'} ]
Owner,links,,equipmentList,,Equipment,,Defs,rg:None,rg:None,rg:None,rg:None,rg:None,rg:None,links,rg:None,rg:None,rg:None,rg:None,equipmentList,rg:None,Equipment,rg:[ { 'req' : 'id'} ]
Contact,table,,Contact,,,,Defs,rg:None,rg:None,rg:None,rg:None,rg:None,rg:None,rg:None,rg:None,rg:None,table,rg:None,Contact,rg:None,rg:None,rg:[ { 'req' : 'id'} ]
Contact,id,,id,Primary Key,,Y,Defs,rg:None,rg:None,rg:None,id,rg:None,rg:None,rg:None,rg:None,rg:None,rg:None,rg:None,id,Primary Key,rg:None,rg:[ { 'req' : 'id'} ]
Contact,string,,givenName,The given name of the contact.,,,Defs,rg:None,rg:None,rg:None,rg:None,rg:None,rg:None,rg:None,rg:None,string,rg:None,rg:None,givenName,The given name of the contact.,rg:None,rg:[ { 'req' : 'id'} ]
Contact,string,,surname,The surname of the contact.,,,Defs,rg:None,rg:None,rg:None,rg:None,rg:None,rg:None,rg:None,rg:None,string,rg:None,rg:None,surname,The surname of the contact.,rg:None,rg:[ { 'req' : 'id'} ]
Contact,string,,role,The role of the contact. UI controlled as to whether it is free form or selected from an enumerated list.,,,Defs,rg:None,rg:None,rg:None,rg:None,rg:None,rg:None,rg:None,rg:None,string,rg:None,rg:None,role,The role of the contact. UI controlled as to whether it is free form or selected from an enumerated list.,rg:None,rg:[ { 'req' : 'id'} ]
Contact,string,,notes,Notes about the contact.,,,Defs,rg:None,rg:None,rg:None,rg:None,rg:None,rg:None,rg:None,rg:None,string,rg:None,rg:None,notes,Notes about the contact.,rg:None,rg:[ { 'req' : 'id'} ]
Contact,links,,phones,,ContactPhone,,Defs,rg:None,rg:None,rg:None,rg:None,rg:None,rg:None,links,rg:None,rg:None,rg:None,rg:None,phones,rg:None,ContactPhone,rg:[ { 'req' : 'id'} ]
Contact,links,,addresses,,ContactAddress,,Defs,rg:None,rg:None,rg:None,rg:None,rg:None,rg:None,links,rg:None,rg:None,rg:None,rg:None,addresses,rg:None,ContactAddress,rg:[ { 'req' : 'id'} ]
ContactPhone,table,,ContactPhone,,,,Defs,rg:None,rg:None,rg:None,rg:None,rg:None,rg:None,rg:None,rg:None,rg:None,table,rg:None,ContactPhone,rg:None,rg:None,rg:[ { 'req' : 'id'} ]
ContactPhone,id,,id,Primary Key,,Y,Defs,rg:None,rg:None,rg:None,id,rg:None,rg:None,rg:None,rg:None,rg:None,rg:None,rg:None,id,Primary Key,rg:None,rg:[ { 'req' : 'id'} ]
ContactPhone,string,,type,The type of the phone number. UI controlled as to whether it is free form or selected from an enumerated list.,,,Defs,rg:None,rg:None,rg:None,rg:None,rg:None,rg:None,rg:None,rg:None,string,rg:None,rg:None,type,The type of the phone number. UI controlled as to whether it is free form or selected from an enumerated list.,rg:None,rg:[ { 'req' : 'id'} ]
ContactPhone,string,,phoneNumber,The phone number of the contact. Entered as free form to support a range of formats.,,,Defs,rg:None,rg:None,rg:None,rg:None,rg:None,rg:None,rg:None,rg:None,string,rg:None,rg:None,phoneNumber,The phone number of the contact. Entered as free form to support a range of formats.,rg:None,rg:[ { 'req' : 'id'} ]
ContactAddress,table,,ContactAddress,,,,Defs,rg:None,rg:None,rg:None,rg:None,rg:None,rg:None,rg:None,rg:None,rg:None,table,rg:None,ContactAddress,rg:None,rg:None,rg:[ { 'req' : 'id'} ]
ContactAddress,id,,id,Primary Key,,Y,Defs,rg:None,rg:None,rg:None,id,rg:None,rg:None,rg:None,rg:None,rg:None,rg:None,rg:None,id,Primary Key,rg:None,rg:[ { 'req' : 'id'} ]
ContactAddress,string,,type,The type of the address. UI controlled as to whether it is free form or selected from an enumerated list.,,,Defs,rg:None,rg:None,rg:None,rg:None,rg:None,rg:None,rg:None,rg:None,string,rg:None,rg:None,type,The type of the address. UI controlled as to whether it is free form or selected from an enumerated list.,rg:None,rg:[ { 'req' : 'id'} ]
ContactAddress,string,,addressLine1,Address 1 line of the address.,,,Defs,rg:None,rg:None,rg:None,rg:None,rg:None,rg:None,rg:None,rg:None,string,rg:None,rg:None,addressLine1,Address 1 line of the address.,rg:None,rg:[ { 'req' : 'id'} ]
ContactAddress,string,,addressLine2,Address 2 line of the address.,,,Defs,rg:None,rg:None,rg:None,rg:None,rg:None,rg:None,rg:None,rg:None,string,rg:None,rg:None,addressLine2,Address 2 line of the address.,rg:None,rg:[ { 'req' : 'id'} ]
ContactAddress,string,,city,The City of the address.,,,Defs,rg:None,rg:None,rg:None,rg:None,rg:None,rg:None,rg:None,rg:None,string,rg:None,rg:None,city,The City of the address.,rg:None,rg:[ { 'req' : 'id'} ]
ContactAddress,string,,province,The Province of the address.,,,Defs,rg:None,rg:None,rg:None,rg:None,rg:None,rg:None,rg:None,rg:None,string,rg:None,rg:None,province,The Province of the address.,rg:None,rg:[ { 'req' : 'id'} ]
ContactAddress,string,,postalCode,The postal code of the address.,,,Defs,rg:None,rg:None,rg:None,rg:None,rg:None,rg:None,rg:None,rg:None,string,rg:None,rg:None,postalCode,The postal code of the address.,rg:None,rg:[ { 'req' : 'id'} ]
Note,table,,Note,Notes entered by users.,,,Defs,rg:None,rg:None,rg:None,rg:None,rg:None,rg:None,rg:None,rg:None,rg:None,table,rg:None,Note,Notes entered by users.,rg:None,rg:[ { 'req' : 'id'} ]
Note,id,,id,Primary Key,,Y,Defs,rg:None,rg:None,rg:None,id,rg:None,rg:None,rg:None,rg:None,rg:None,rg:None,rg:None,id,Primary Key,rg:None,rg:[ { 'req' : 'id'} ]
Note,string,,note,The contents of the note.,,,Defs,rg:None,rg:None,rg:None,rg:None,rg:None,rg:None,rg:None,rg:None,string,rg:None,rg:None,note,The contents of the note.,rg:None,rg:[ { 'req' : 'id'} ]
Note,boolean,,isNoLongerRelevant,"A user set flag that the note is no longer relevant. Allows the note to be retained for historical reasons, but identified to the user as no longer relevant.",,,Defs,boolean,rg:None,rg:None,rg:None,rg:None,rg:None,rg:None,rg:None,rg:None,rg:None,rg:None,isNoLongerRelevant,"A user set flag that the note is no longer relevant. Allows the note to be retained for historical reasons, but identified to the user as no longer relevant.",rg:None,rg:[ { 'req' : 'id'} ]
Attachment,table,,Attachment,"Attachments uploaded by users. Attachments are stored in the file system, with rows in this table pointing to the file system location of the attachment.",,,Defs,rg:None,rg:None,rg:None,rg:None,rg:None,rg:None,rg:None,rg:None,rg:None,table,rg:None,Attachment,"Attachments uploaded by users. Attachments are stored in the file system, with rows in this table pointing to the file system location of the attachment.",rg:None,rg:[ { 'req' : 'id'} ]
Attachment,id,,id,Primary Key,,Y,Defs,rg:None,rg:None,rg:None,id,rg:None,rg:None,rg:None,rg:None,rg:None,rg:None,rg:None,id,Primary Key,rg:None,rg:[ { 'req' : 'id'} ]
Attachment,string,,internalFileName,The physical location of the attachment on the file system.,,,Defs,rg:None,rg:None,rg:None,rg:None,rg:None,rg:None,rg:None,rg:None,string,rg:None,rg:None,internalFileName,The physical location of the attachment on the file system.,rg:None,rg:[ { 'req' : 'id'} ]
Attachment,string,,externalFileName,The name of the attachment as defined by the user in uploading the document.,,,Defs,rg:None,rg:None,rg:None,rg:None,rg:None,rg:None,rg:None,rg:None,string,rg:None,rg:None,externalFileName,The name of the attachment as defined by the user in uploading the document.,rg:None,rg:[ { 'req' : 'id'} ]
Attachment,string,,description,"A note about the attachment,  optionally maintained by the user.",,,Defs,rg:None,rg:None,rg:None,rg:None,rg:None,rg:None,rg:None,rg:None,string,rg:None,rg:None,description,"A note about the attachment,  optionally maintained by the user.",rg:None,rg:[ { 'req' : 'id'} ]
History,table,,History,The history of updates made to a record. Exact format of the history TBD.,,,Defs,rg:None,rg:None,rg:None,rg:None,rg:None,rg:None,rg:None,rg:None,rg:None,table,rg:None,History,The history of updates made to a record. Exact format of the history TBD.,rg:None,rg:[ { 'req' : 'id'} ]
History,id,,id,Primary Key,,Y,Defs,rg:None,rg:None,rg:None,id,rg:None,rg:None,rg:None,rg:None,rg:None,rg:None,rg:None,id,Primary Key,rg:None,rg:[ { 'req' : 'id'} ]
History,string,,historyText,The text of the history entry tracked against the related entity.,,,Defs,rg:None,rg:None,rg:None,rg:None,rg:None,rg:None,rg:None,rg:None,string,rg:None,rg:None,historyText,The text of the history entry tracked against the related entity.,rg:None,rg:[ { 'req' : 'id'} ]
History,datetime,,createdDate,Date the record is created.,,,Defs,rg:None,rg:None,datetime,rg:None,rg:None,rg:None,rg:None,rg:None,rg:None,rg:None,rg:None,createdDate,Date the record is created.,rg:None,rg:[ { 'req' : 'id'} ]
LocalArea,table,,LocalArea,,,,Defs,rg:None,rg:None,rg:None,rg:None,rg:None,rg:None,rg:None,rg:None,rg:None,table,rg:None,LocalArea,rg:None,rg:None,rg:[ { 'req' : 'id'} ]
LocalArea,id,,id,Primary Key,,Y,Defs,rg:None,rg:None,rg:None,id,rg:None,rg:None,rg:None,rg:None,rg:None,rg:None,rg:None,id,Primary Key,rg:None,rg:[ { 'req' : 'id'} ]
LocalArea,string,,name,The full name of the Local Area,,,Defs,rg:None,rg:None,rg:None,rg:None,rg:None,rg:None,rg:None,rg:None,string,rg:None,rg:None,name,The full name of the Local Area,rg:None,rg:[ { 'req' : 'id'} ]
LocalArea,ref,,serviceArea,The Service Area in which the Local Area is found.,ServiceArea,,Defs,rg:None,rg:None,rg:None,rg:None,rg:None,rg:None,rg:None,ref,rg:None,rg:None,rg:None,serviceArea,The Service Area in which the Local Area is found.,ServiceArea,rg:[ { 'req' : 'id'} ]
FavouriteContextType,table,,FavouriteContextType,"The name for a place in the UI where per user settings can be stored - for example, the School Bus search screen, School Bus Owner search screen, etc.",,,Defs,rg:None,rg:None,rg:None,rg:None,rg:None,rg:None,rg:None,rg:None,rg:None,table,rg:None,FavouriteContextType,"The name for a place in the UI where per user settings can be stored - for example, the School Bus search screen, School Bus Owner search screen, etc.",rg:None,rg:[ { 'req' : 'id'} ]
FavouriteContextType,id,,id,Primary Key,,Y,Defs,rg:None,rg:None,rg:None,id,rg:None,rg:None,rg:None,rg:None,rg:None,rg:None,rg:None,id,Primary Key,rg:None,rg:[ { 'req' : 'id'} ]
FavouriteContextType,string,,name,Context Name known by the UI.,,,Defs,rg:None,rg:None,rg:None,rg:None,rg:None,rg:None,rg:None,rg:None,string,rg:None,rg:None,name,Context Name known by the UI.,rg:None,rg:[ { 'req' : 'id'} ]
UserFavourite,table,,UserFavourite,User specific settings for a specific location in the UI. The location and saved settings are internally defined by the UI.,,,Defs,rg:None,rg:None,rg:None,rg:None,rg:None,rg:None,rg:None,rg:None,rg:None,table,rg:None,UserFavourite,User specific settings for a specific location in the UI. The location and saved settings are internally defined by the UI.,rg:None,rg:[ { 'req' : 'id'} ]
UserFavourite,id,,id,Primary Key,,Y,Defs,rg:None,rg:None,rg:None,id,rg:None,rg:None,rg:None,rg:None,rg:None,rg:None,rg:None,id,Primary Key,rg:None,rg:[ { 'req' : 'id'} ]
UserFavourite,string,,name,The user-defined name for the recorded settings. Allows the user to save different groups of settings and access each one easily when needed.,,,Defs,rg:None,rg:None,rg:None,rg:None,rg:None,rg:None,rg:None,rg:None,string,rg:None,rg:None,name,The user-defined name for the recorded settings. Allows the user to save different groups of settings and access each one easily when needed.,rg:None,rg:[ { 'req' : 'id'} ]
UserFavourite,string,,value,"The settings saved by the user. In general,  a UI defined chunk of json that stores the settings in place when the user created the favourite.",,,Defs,rg:None,rg:None,rg:None,rg:None,rg:None,rg:None,rg:None,rg:None,string,rg:None,rg:None,value,"The settings saved by the user. In general,  a UI defined chunk of json that stores the settings in place when the user created the favourite.",rg:None,rg:[ { 'req' : 'id'} ]
UserFavourite,boolean,,isDefault,"True if this Favourite is the default for this Context Type. On first access to a context in a session the default favourite for the context it is invoked. If there is no default favourite,  a system-wide default is invoked. On return to the context within a session,  the last parameters used are reapplied.",,,Defs,boolean,rg:None,rg:None,rg:None,rg:None,rg:None,rg:None,rg:None,rg:None,rg:None,rg:None,isDefault,"True if this Favourite is the default for this Context Type. On first access to a context in a session the default favourite for the context it is invoked. If there is no default favourite,  a system-wide default is invoked. On return to the context within a session,  the last parameters used are reapplied.",rg:None,rg:[ { 'req' : 'id'} ]
UserFavourite,ref,,favouriteContextType,,FavouriteContextType,,Defs,rg:None,rg:None,rg:None,rg:None,rg:None,rg:None,rg:None,ref,rg:None,rg:None,rg:None,favouriteContextType,rg:None,FavouriteContextType,rg:[ { 'req' : 'id'} ]
Region,table,,Region,,,,Defs,rg:None,rg:None,rg:None,rg:None,rg:None,rg:None,rg:None,rg:None,rg:None,table,rg:None,Region,rg:None,rg:None,rg:[ { 'req' : 'id'} ]
Region,id,,id,Primary Key,,Y,Defs,rg:None,rg:None,rg:None,id,rg:None,rg:None,rg:None,rg:None,rg:None,rg:None,rg:None,id,Primary Key,rg:None,rg:[ { 'req' : 'id'} ]
Region,integer,,ministryRegionID,The Ministry ID for the Region,,,Defs,rg:None,rg:None,rg:None,rg:None,integer,rg:None,rg:None,rg:None,rg:None,rg:None,rg:None,ministryRegionID,The Ministry ID for the Region,rg:None,rg:[ { 'req' : 'id'} ]
Region,string,,name,The name of the Region,,,Defs,rg:None,rg:None,rg:None,rg:None,rg:None,rg:None,rg:None,rg:None,string,rg:None,rg:None,name,The name of the Region,rg:None,rg:[ { 'req' : 'id'} ]
Region,datetime,,startDate,The effective date of the Region - NOT CURRENTLY ENFORCED,,,Defs,rg:None,rg:None,datetime,rg:None,rg:None,rg:None,rg:None,rg:None,rg:None,rg:None,rg:None,startDate,The effective date of the Region - NOT CURRENTLY ENFORCED,rg:None,rg:[ { 'req' : 'id'} ]
Region,datetime,,endDate,The end date of the Region; null if active - NOT CURRENTLY ENFORCED,,,Defs,rg:None,rg:None,datetime,rg:None,rg:None,rg:None,rg:None,rg:None,rg:None,rg:None,rg:None,endDate,The end date of the Region; null if active - NOT CURRENTLY ENFORCED,rg:None,rg:[ { 'req' : 'id'} ]
District,table,,District,,,,Defs,rg:None,rg:None,rg:None,rg:None,rg:None,rg:None,rg:None,rg:None,rg:None,table,rg:None,District,rg:None,rg:None,rg:[ { 'req' : 'id'} ]
District,id,,id,Primary Key,,Y,Defs,rg:None,rg:None,rg:None,id,rg:None,rg:None,rg:None,rg:None,rg:None,rg:None,rg:None,id,Primary Key,rg:None,rg:[ { 'req' : 'id'} ]
District,integer,,ministryDistrictID,The Ministry ID for the District,,,Defs,rg:None,rg:None,rg:None,rg:None,integer,rg:None,rg:None,rg:None,rg:None,rg:None,rg:None,ministryDistrictID,The Ministry ID for the District,rg:None,rg:[ { 'req' : 'id'} ]
District,string,,name,The name of the District,,,Defs,rg:None,rg:None,rg:None,rg:None,rg:None,rg:None,rg:None,rg:None,string,rg:None,rg:None,name,The name of the District,rg:None,rg:[ { 'req' : 'id'} ]
District,ref,,region,The region in which the District is found.,Region,,Defs,rg:None,rg:None,rg:None,rg:None,rg:None,rg:None,rg:None,ref,rg:None,rg:None,rg:None,region,The region in which the District is found.,Region,rg:[ { 'req' : 'id'} ]
District,datetime,,startDate,The effective date of the District ID - NOT CURRENTLY ENFORCED,,,Defs,rg:None,rg:None,datetime,rg:None,rg:None,rg:None,rg:None,rg:None,rg:None,rg:None,rg:None,startDate,The effective date of the District ID - NOT CURRENTLY ENFORCED,rg:None,rg:[ { 'req' : 'id'} ]
District,datetime,,endDate,The end date of the District; null if active - NOT CURRENTLY ENFORCED,,,Defs,rg:None,rg:None,datetime,rg:None,rg:None,rg:None,rg:None,rg:None,rg:None,rg:None,rg:None,endDate,The end date of the District; null if active - NOT CURRENTLY ENFORCED,rg:None,rg:[ { 'req' : 'id'} ]
ServiceArea,table,,ServiceArea,,,,Defs,rg:None,rg:None,rg:None,rg:None,rg:None,rg:None,rg:None,rg:None,rg:None,table,rg:None,ServiceArea,rg:None,rg:None,rg:[ { 'req' : 'id'} ]
ServiceArea,id,,id,Primary Key,,Y,Defs,rg:None,rg:None,rg:None,id,rg:None,rg:None,rg:None,rg:None,rg:None,rg:None,rg:None,id,Primary Key,rg:None,rg:[ { 'req' : 'id'} ]
ServiceArea,integer,,ministryServiceAreaID,The Ministry ID for the Service Area,,,Defs,rg:None,rg:None,rg:None,rg:None,integer,rg:None,rg:None,rg:None,rg:None,rg:None,rg:None,ministryServiceAreaID,The Ministry ID for the Service Area,rg:None,rg:[ { 'req' : 'id'} ]
ServiceArea,string,,name,The name of the Service Area,,,Defs,rg:None,rg:None,rg:None,rg:None,rg:None,rg:None,rg:None,rg:None,string,rg:None,rg:None,name,The name of the Service Area,rg:None,rg:[ { 'req' : 'id'} ]
ServiceArea,ref,,district,The district in which the Service Area is found.,District,,Defs,rg:None,rg:None,rg:None,rg:None,rg:None,rg:None,rg:None,ref,rg:None,rg:None,rg:None,district,The district in which the Service Area is found.,District,rg:[ { 'req' : 'id'} ]
ServiceArea,datetime,,startDate,The effective date of the Service Area - NOT CURRENTLY ENFORCED,,,Defs,rg:None,rg:None,datetime,rg:None,rg:None,rg:None,rg:None,rg:None,rg:None,rg:None,rg:None,startDate,The effective date of the Service Area - NOT CURRENTLY ENFORCED,rg:None,rg:[ { 'req' : 'id'} ]
ServiceArea,datetime,,endDate,The end date of the Service Area; null if active - NOT CURRENTLY ENFORCED,,,Defs,rg:None,rg:None,datetime,rg:None,rg:None,rg:None,rg:None,rg:None,rg:None,rg:None,rg:None,endDate,The end date of the Service Area; null if active - NOT CURRENTLY ENFORCED,rg:None,rg:[ { 'req' : 'id'} ]
City,table,,City,A list of cities in BC. Authoritative source to be determined.,,,Defs,rg:None,rg:None,rg:None,rg:None,rg:None,rg:None,rg:None,rg:None,rg:None,table,rg:None,City,A list of cities in BC. Authoritative source to be determined.,rg:None,rg:[ { 'req' : 'id'} ]
City,id,,id,Primary Key,,Y,Defs,rg:None,rg:None,rg:None,id,rg:None,rg:None,rg:None,rg:None,rg:None,rg:None,rg:None,id,Primary Key,rg:None,rg:[ { 'req' : 'id'} ]
City,string,,name,The name of the City,,,Defs,rg:None,rg:None,rg:None,rg:None,rg:None,rg:None,rg:None,rg:None,string,rg:None,rg:None,name,The name of the City,rg:None,rg:[ { 'req' : 'id'} ]
User,table,,User,Information about the users of the system.,,,Defs,rg:None,rg:None,rg:None,rg:None,rg:None,rg:None,rg:None,rg:None,rg:None,table,rg:None,User,Information about the users of the system.,rg:None,"rg:[ { 'req' : 'id' }, { 'req': 'active'} ]"
User,id,,id,Primary Key,,Y,Defs,rg:None,rg:None,rg:None,id,rg:None,rg:None,rg:None,rg:None,rg:None,rg:None,rg:None,id,Primary Key,rg:None,"rg:[ { 'req' : 'id' }, { 'req': 'active'} ]"
User,string,,givenName,,,,Defs,rg:None,rg:None,rg:None,rg:None,rg:None,rg:None,rg:None,rg:None,string,rg:None,rg:None,givenName,rg:None,rg:None,"rg:[ { 'req' : 'id' }, { 'req': 'active'} ]"
User,string,,surname,,,,Defs,rg:None,rg:None,rg:None,rg:None,rg:None,rg:None,rg:None,rg:None,string,rg:None,rg:None,surname,rg:None,rg:None,"rg:[ { 'req' : 'id' }, { 'req': 'active'} ]"
User,string,,initials,,,,Defs,rg:None,rg:None,rg:None,rg:None,rg:None,rg:None,rg:None,rg:None,string,rg:None,rg:None,initials,rg:None,rg:None,"rg:[ { 'req' : 'id' }, { 'req': 'active'} ]"
User,string,,email,,,,Defs,rg:None,rg:None,rg:None,rg:None,rg:None,rg:None,rg:None,rg:None,string,rg:None,rg:None,email,rg:None,rg:None,"rg:[ { 'req' : 'id' }, { 'req': 'active'} ]"
User,boolean,,active,,,Y,Defs,boolean,rg:None,rg:None,rg:None,rg:None,rg:None,rg:None,rg:None,rg:None,rg:None,rg:None,active,rg:None,rg:None,"rg:[ { 'req' : 'id' }, { 'req': 'active'} ]"
User,string,,smUserId,Security Manager User ID,,,Defs,rg:None,rg:None,rg:None,rg:None,rg:None,rg:None,rg:None,rg:None,string,rg:None,rg:None,smUserId,Security Manager User ID,rg:None,"rg:[ { 'req' : 'id' }, { 'req': 'active'} ]"
User,string,,guid,,,,Defs,rg:None,rg:None,rg:None,rg:None,rg:None,rg:None,rg:None,rg:None,string,rg:None,rg:None,guid,rg:None,rg:None,"rg:[ { 'req' : 'id' }, { 'req': 'active'} ]"
User,string,,smAuthorizationDirectory,,,,Defs,rg:None,rg:None,rg:None,rg:None,rg:None,rg:None,rg:None,rg:None,string,rg:None,rg:None,smAuthorizationDirectory,rg:None,rg:None,"rg:[ { 'req' : 'id' }, { 'req': 'active'} ]"
User,links,,userRoles,,UserRole,,Defs,rg:None,rg:None,rg:None,rg:None,rg:None,rg:None,links,rg:None,rg:None,rg:None,rg:None,userRoles,rg:None,UserRole,"rg:[ { 'req' : 'id' }, { 'req': 'active'} ]"
User,links,,groupMemberships,,GroupMembership,,Defs,rg:None,rg:None,rg:None,rg:None,rg:None,rg:None,links,rg:None,rg:None,rg:None,rg:None,groupMemberships,rg:None,GroupMembership,"rg:[ { 'req' : 'id' }, { 'req': 'active'} ]"
UserRole,table,,UserRole,,,,Defs,rg:None,rg:None,rg:None,rg:None,rg:None,rg:None,rg:None,rg:None,rg:None,table,rg:None,UserRole,rg:None,rg:None,"rg:[ { 'req' : 'id' }, { 'req': 'effectiveDate'} ]"
UserRole,id,,id,Primary Key,,Y,Defs,rg:None,rg:None,rg:None,id,rg:None,rg:None,rg:None,rg:None,rg:None,rg:None,rg:None,id,Primary Key,rg:None,"rg:[ { 'req' : 'id' }, { 'req': 'effectiveDate'} ]"
UserRole,datetime,,effectiveDate,,,Y,Defs,rg:None,rg:None,datetime,rg:None,rg:None,rg:None,rg:None,rg:None,rg:None,rg:None,rg:None,effectiveDate,rg:None,rg:None,"rg:[ { 'req' : 'id' }, { 'req': 'effectiveDate'} ]"
UserRole,datetime,,expiryDate,,,,Defs,rg:None,rg:None,datetime,rg:None,rg:None,rg:None,rg:None,rg:None,rg:None,rg:None,rg:None,expiryDate,rg:None,rg:None,"rg:[ { 'req' : 'id' }, { 'req': 'effectiveDate'} ]"
UserRole,ref,,user,,User,,Defs,rg:None,rg:None,rg:None,rg:None,rg:None,rg:None,rg:None,ref,rg:None,rg:None,rg:None,user,rg:None,User,"rg:[ { 'req' : 'id' }, { 'req': 'effectiveDate'} ]"
UserRole,ref,,role,,Role,,Defs,rg:None,rg:None,rg:None,rg:None,rg:None,rg:None,rg:None,ref,rg:None,rg:None,rg:None,role,rg:None,Role,"rg:[ { 'req' : 'id' }, { 'req': 'effectiveDate'} ]"
Role,table,,Role,,,,Defs,rg:None,rg:None,rg:None,rg:None,rg:None,rg:None,rg:None,rg:None,rg:None,table,rg:None,Role,rg:None,rg:None,"rg:[ { 'req' : 'id' }, { 'req': 'name' }, { 'req': 'description'} ]"
Role,id,,id,Primary Key,,Y,Defs,rg:None,rg:None,rg:None,id,rg:None,rg:None,rg:None,rg:None,rg:None,rg:None,rg:None,id,Primary Key,rg:None,"rg:[ { 'req' : 'id' }, { 'req': 'name' }, { 'req': 'description'} ]"
Role,string,,name,,,Y,Defs,rg:None,rg:None,rg:None,rg:None,rg:None,rg:None,rg:None,rg:None,string,rg:None,rg:None,name,rg:None,rg:None,"rg:[ { 'req' : 'id' }, { 'req': 'name' }, { 'req': 'description'} ]"
Role,string,,description,,,Y,Defs,rg:None,rg:None,rg:None,rg:None,rg:None,rg:None,rg:None,rg:None,string,rg:None,rg:None,description,rg:None,rg:None,"rg:[ { 'req' : 'id' }, { 'req': 'name' }, { 'req': 'description'} ]"
Role,links,,rolePermissions,,RolePermission,,Defs,rg:None,rg:None,rg:None,rg:None,rg:None,rg:None,links,rg:None,rg:None,rg:None,rg:None,rolePermissions,rg:None,RolePermission,"rg:[ { 'req' : 'id' }, { 'req': 'name' }, { 'req': 'description'} ]"
Role,links,,userRoles,,UserRole,,Defs,rg:None,rg:None,rg:None,rg:None,rg:None,rg:None,links,rg:None,rg:None,rg:None,rg:None,userRoles,rg:None,UserRole,"rg:[ { 'req' : 'id' }, { 'req': 'name' }, { 'req': 'description'} ]"
RolePermission,table,,RolePermission,,,,Defs,rg:None,rg:None,rg:None,rg:None,rg:None,rg:None,rg:None,rg:None,rg:None,table,rg:None,RolePermission,rg:None,rg:None,rg:[ { 'req' : 'id'} ]
RolePermission,id,,id,Primary Key,,Y,Defs,rg:None,rg:None,rg:None,id,rg:None,rg:None,rg:None,rg:None,rg:None,rg:None,rg:None,id,Primary Key,rg:None,rg:[ { 'req' : 'id'} ]
RolePermission,ref,,role,,Role,,Defs,rg:None,rg:None,rg:None,rg:None,rg:None,rg:None,rg:None,ref,rg:None,rg:None,rg:None,role,rg:None,Role,rg:[ { 'req' : 'id'} ]
RolePermission,ref,,permission,,Permission,,Defs,rg:None,rg:None,rg:None,rg:None,rg:None,rg:None,rg:None,ref,rg:None,rg:None,rg:None,permission,rg:None,Permission,rg:[ { 'req' : 'id'} ]
Permission,table,,Permission,,,,Defs,rg:None,rg:None,rg:None,rg:None,rg:None,rg:None,rg:None,rg:None,rg:None,table,rg:None,Permission,rg:None,rg:None,"rg:[ { 'req' : 'id' }, { 'req': 'code' }, { 'req': 'name' }, { 'req': 'description'} ]"
Permission,id,,id,Primary Key,,Y,Defs,rg:None,rg:None,rg:None,id,rg:None,rg:None,rg:None,rg:None,rg:None,rg:None,rg:None,id,Primary Key,rg:None,"rg:[ { 'req' : 'id' }, { 'req': 'code' }, { 'req': 'name' }, { 'req': 'description'} ]"
Permission,string,,code,,,Y,Defs,rg:None,rg:None,rg:None,rg:None,rg:None,rg:None,rg:None,rg:None,string,rg:None,rg:None,code,rg:None,rg:None,"rg:[ { 'req' : 'id' }, { 'req': 'code' }, { 'req': 'name' }, { 'req': 'description'} ]"
Permission,string,,name,,,Y,Defs,rg:None,rg:None,rg:None,rg:None,rg:None,rg:None,rg:None,rg:None,string,rg:None,rg:None,name,rg:None,rg:None,"rg:[ { 'req' : 'id' }, { 'req': 'code' }, { 'req': 'name' }, { 'req': 'description'} ]"
Permission,string,,description,,,Y,Defs,rg:None,rg:None,rg:None,rg:None,rg:None,rg:None,rg:None,rg:None,string,rg:None,rg:None,description,rg:None,rg:None,"rg:[ { 'req' : 'id' }, { 'req': 'code' }, { 'req': 'name' }, { 'req': 'description'} ]"
GroupMembership,table,,GroupMembership,,,,Defs,rg:None,rg:None,rg:None,rg:None,rg:None,rg:None,rg:None,rg:None,rg:None,table,rg:None,GroupMembership,rg:None,rg:None,"rg:[ { 'req' : 'id' }, { 'req': 'active'} ]"
GroupMembership,id,,id,Primary Key,,Y,Defs,rg:None,rg:None,rg:None,id,rg:None,rg:None,rg:None,rg:None,rg:None,rg:None,rg:None,id,Primary Key,rg:None,"rg:[ { 'req' : 'id' }, { 'req': 'active'} ]"
GroupMembership,boolean,,active,,,Y,Defs,boolean,rg:None,rg:None,rg:None,rg:None,rg:None,rg:None,rg:None,rg:None,rg:None,rg:None,active,rg:None,rg:None,"rg:[ { 'req' : 'id' }, { 'req': 'active'} ]"
GroupMembership,ref,,group,,Group,,Defs,rg:None,rg:None,rg:None,rg:None,rg:None,rg:None,rg:None,ref,rg:None,rg:None,rg:None,group,rg:None,Group,"rg:[ { 'req' : 'id' }, { 'req': 'active'} ]"
GroupMembership,ref,,user,,User,,Defs,rg:None,rg:None,rg:None,rg:None,rg:None,rg:None,rg:None,ref,rg:None,rg:None,rg:None,user,rg:None,User,"rg:[ { 'req' : 'id' }, { 'req': 'active'} ]"
Group,table,,Group,,,,Defs,rg:None,rg:None,rg:None,rg:None,rg:None,rg:None,rg:None,rg:None,rg:None,table,rg:None,Group,rg:None,rg:None,"rg:[ { 'req' : 'id' }, { 'req': 'name' }, { 'req': 'description'} ]"
Group,id,,id,Primary Key,,Y,Defs,rg:None,rg:None,rg:None,id,rg:None,rg:None,rg:None,rg:None,rg:None,rg:None,rg:None,id,Primary Key,rg:None,"rg:[ { 'req' : 'id' }, { 'req': 'name' }, { 'req': 'description'} ]"
Group,string,,name,,,Y,Defs,rg:None,rg:None,rg:None,rg:None,rg:None,rg:None,rg:None,rg:None,string,rg:None,rg:None,name,rg:None,rg:None,"rg:[ { 'req' : 'id' }, { 'req': 'name' }, { 'req': 'description'} ]"
Group,string,,description,,,Y,Defs,rg:None,rg:None,rg:None,rg:None,rg:None,rg:None,rg:None,rg:None,string,rg:None,rg:None,description,rg:None,rg:None,"rg:[ { 'req' : 'id' }, { 'req': 'name' }, { 'req': 'description'} ]"
